Date,AsianPaints Open,AsianPaints High,AsianPaints Low,AsianPaints Close,AsianPaints Volume,DMART Open,DMART High,DMART Low,DMART Close,DMART Volume,,DROP DOWN,,,,,,,,,,,,,,,,,,,,,,Date,AsianPaints High,DMART Low
2023-10-04,3129.158273,3152.936345,3115.712217,3134.052246,892584,3760.00,3909.949951,3760,3872.95,1737108,,AsianPaints High,,,,,,,,,,,,,,,,,,,,,,2023-10-04,3152.936345,3760
2023-10-05,3173.699047,3195.549222,3138.402817,3169.991455,1002610,3880.00,3938.399902,3842.050049,3861.50,607632,,DMART Low,,,,,,,,,,,,,,,,,,,,,,2023-10-05,3195.549222,3842.050049
2023-10-06,3178.395241,3180.619797,3153.925133,3159.610107,814257,3860.00,3890.800049,3786.75,3833.95,345055,,,,,,,,,,,,,,,,,,,,,,,,2023-10-06,3180.619797,3786.75
2023-10-09,3104.539939,3127.230354,3097.272962,3117.145752,700012,3809.60,3818,3771,3798.60,278929,,TICKER,AsianPaints,,,,,,,,,,,,,,,,,,,,,2023-10-09,3127.230354,3771
2023-10-10,3114.377559,3129.108962,3104.540129,3115.860596,847367,3809.95,3829.850098,3775.550049,3793.80,284836,,,,,,,,,,,,,,,,,,,,,,,,2023-10-10,3129.108962,3775.550049
2023-10-11,3133.162539,3148.981599,3116.404271,3128.120117,1025317,3812.50,3889,3804.300049,3852.05,304828,,,,,,,,,,,,,,,,,,,,,,,,2023-10-11,3148.981599,3804.300049
2023-10-12,3149.970455,3152.442183,3114.427051,3123.374756,992531,3874.80,3890,3820.300049,3862.75,226262,,,,,,,,,,,,,,,,,,,,,,,,2023-10-12,3152.442183,3820.300049
2023-10-13,3114.377543,3136.128752,3092.873508,3113.191162,854688,3853.95,3941,3836.050049,3935.85,554574,,,,,,,,,,,,,,,,,,,,,,,,2023-10-13,3136.128752,3836.050049
2023-10-16,3088.671502,3092.626267,3061.087112,3076.856689,853011,3825.05,3873.899902,3772.75,3856.80,1102582,,,,,,,,,,,,,,,,,,,,,,,,2023-10-16,3092.626267,3772.75
2023-10-17,3101.52436,3101.52436,3056.835566,3078.3396,792640,3879.15,3885,3834.300049,3842.85,394330,,,,,,,,,,,,,,,,,,,,,,,,2023-10-17,3101.52436,3834.300049
2023-10-18,3074.829676,3079.970822,3055.055851,3061.432861,481985,3842.85,3853.100098,3776.25,3795.95,356321,,,,,,,,,,,,,,,,,,,,,,,,2023-10-18,3079.970822,3776.25
2023-10-19,3052.782013,3075.719602,3041.313339,3066.722656,568124,3790.00,3790,3746.850098,3766.85,168075,,,,,,,,,,,,,,,,,,,,,,,,2023-10-19,3075.719602,3746.850098
2023-10-20,3057.527682,3079.872201,3029.89381,3070.726807,711434,3760.05,3780.949951,3742.100098,3749.50,200038,,,,,,,,,,,,,,,,,,,,,,,,2023-10-20,3079.872201,3742.100098
2023-10-23,3061.037594,3073.742132,3029.349991,3037.259521,374476,3750.05,3768,3641.350098,3668.95,297128,,,,,,,,,,,,,,,,,,,,,,,,2023-10-23,3073.742132,3641.350098
2023-10-25,3058.41747,3072.852459,3017.485748,3026.186279,669290,3685.00,3755,3620.100098,3740.55,333022,,,,,,,,,,,,,,,,,,,,,,,,2023-10-25,3072.852459,3620.100098
2023-10-26,3016.595968,3020.451767,2906.752273,2926.822754,1834111,3728.05,3731.949951,3662,3684.65,289964,,,,,,,,,,,,,,,,,,,,,,,,2023-10-26,3020.451767,3662
2023-10-27,2899.633852,2941.010437,2897.854159,2921.730957,1708185,3700.00,3758,3651,3665.45,365480,,,,,,,,,,,,,,,,,,,,,,,,2023-10-27,2941.010437,3651
2023-10-30,2940.368016,2958.114977,2905.862785,2933.546143,878885,3686.70,3688,3624.25,3646.65,254298,,,,,,,,,,,,,,,,,,,,,,,,2023-10-30,2958.114977,3624.25
2023-10-31,2935.4245,2978.679745,2932.458426,2961.82251,1152306,3657.65,3671.25,3620,3633.40,820386,,,,,,,,,,,,Open,3135,,,,,,,,,,,2023-10-31,2978.679745,3620
2023-11-01,2964.046944,2974.873065,2896.86542,2901.364014,1029990,3637.50,3660.600098,3621,3639.45,242467,,,,,,,,,,,,Low,3054.550049,,,,,,,,,,,2023-11-01,2974.873065,3621
2023-11-02,2927.564278,2928.503486,2900.820131,2921.978027,900125,3639.00,3677.949951,3624.149902,3647.45,216100,,,,,,,,,,,,High,3156.75,,,,,,,,,,,2023-11-02,2928.503486,3624.149902
2023-11-03,2928.663669,2954.315378,2913.807411,2949.313965,715997,3667.60,3667.600098,3621.25,3649.70,316179,,,,,,,,,,,,,,,,,,,,,,,,2023-11-03,2954.315378,3621.25
2023-11-06,2969.270646,3004.975233,2955.25634,3000.270752,620959,3654.55,3692.899902,3635.300049,3649.55,277254,,,,,,,,,,,,,,,,,,,,,,,,2023-11-06,3004.975233,3635.300049
2023-11-07,3000.270745,3009.828173,2973.430343,3004.281982,757998,3649.50,3667.949951,3636,3653.30,287032,,,,,,,,,,,,,,,,,,,,,,,,2023-11-07,3009.828173,3636
2023-11-08,3028.695826,3069.253363,3017.008855,3065.588867,783400,3658.00,3727.949951,3658,3712.40,246719,,,,,,,,,,,,,,,,,,,,,,,,2023-11-08,3069.253363,3658
2023-11-09,3070.293169,3081.583828,3044.591893,3050.682861,849702,3733.90,3765,3725,3747.60,248748,,,,,,,,,,,,,,,,,,,,,,,,2023-11-09,3081.583828,3725
2023-11-10,3040.580851,3055.43711,3010.967473,3046.968994,364232,3750.00,3800,3738.550049,3798.40,205429,,,,,,,,,,,,,,,,,,,,,,,,2023-11-10,3055.43711,3738.550049
2023-11-13,3068.312326,3068.312326,3035.62856,3056.03125,405941,3809.95,3819.800049,3740.199951,3798.45,166502,,,,,,,,,,,,,,,,,,,,,,,,2023-11-13,3068.312326,3740.199951
2023-11-15,3056.130167,3088.962641,3049.197247,3086.337891,700017,3810.00,3814.949951,3750.100098,3791.95,372291,,,,,,,,,,,,,,,,,,,,,,,,2023-11-15,3088.962641,3750.100098
2023-11-16,3089.111216,3110.801256,3067.916385,3100.302979,675454,3795.00,3800,3765,3790.25,148945,,,,,,,,,,,,,,,,,,,,,,,,2023-11-16,3110.801256,3765
2023-11-17,3119.814171,3197.314316,3115.505759,3138.532959,1430175,3794.95,3843,3780,3810.90,266479,,,,,,,,,,,,,,,,,,,,,,,,2023-11-17,3197.314316,3780
2023-11-20,3138.532808,3141.504059,3101.986512,3110.256592,406431,3810.90,3833,3771.699951,3792.90,252998,,,,,,,,,,,,,,,,,,,,,,,,2023-11-20,3141.504059,3771.699951
2023-11-21,3126.647879,3126.647879,3097.034502,3103.224609,409069,3796.00,3842,3796,3814.95,196060,,,,,,,,,,,,,,,,,,,,,,,,2023-11-21,3126.647879,3796
2023-11-22,3109.909971,3126.747063,3091.29008,3102.977051,489889,3820.00,3873.850098,3812.350098,3838.25,200608,,,,,,,,,,,,,,,,,,,,,,,,2023-11-22,3126.747063,3812.350098
2023-11-23,3117.833191,3141.008856,3085.297891,3093.023193,792460,3848.00,3865,3798.949951,3844.40,201012,,,,,,,,,,,,,,,,,,,,,,,,2023-11-23,3141.008856,3798.949951
2023-11-24,3088.120705,3109.711847,3081.187785,3106.09668,756329,3820.00,3869,3799,3842.90,96391,,,,,,,,,,,,,,,,,,,,,,,,2023-11-24,3109.711847,3799
2023-11-28,3111.048735,3129.718195,3106.096649,3118.179932,647883,3815.00,3934,3815,3912.15,449705,,,,,,,,,,,,,,,,,,,,,,,,2023-11-28,3129.718195,3815
2023-11-29,3118.179932,3139.622366,3111.890686,3118.179932,620725,3915.00,3937,3841,3861.50,333845,,,,,,,,,,,,,,,,,,,,,,,,2023-11-29,3139.622366,3841
2023-11-30,3118.180003,3123.726195,3078.563316,3090.002441,1793116,3878.00,3962,3834,3949.75,698850,,,,,,,,,,,,,,,,,,,,,,,,2023-11-30,3123.726195,3834
2023-12-01,3116.79326,3160.025115,3110.157514,3142.989746,960196,3969.65,3995,3931.149902,3988.40,380041,,,,,,,,,,,,,,,,,,,,,,,,2023-12-01,3160.025115,3931.149902
2023-12-04,3159.430809,3173.742289,3136.156006,3163.937256,1018189,4000.00,4049,3950.050049,3967.10,389629,,,,,,,,,,,,,,,,,,,,,,,,2023-12-04,3173.742289,3950.050049
2023-12-05,3166.363793,3216.528327,3149.526701,3195.333496,1005550,3950.00,4041,3949,4039.55,443420,,,,,,,,,,,,,,,,,,,,,,,,2023-12-05,3216.528327,3949
2023-12-06,3233.711993,3257.482004,3201.969075,3221.381348,1229158,4039.55,4175,4039,4137.15,861085,,,,,,,,,,,,,,,,,,,,,,,,2023-12-06,3257.482004,4039
2023-12-07,3252.530057,3268.327163,3215.736155,3220.638672,1071725,4140.05,4206,4095,4115.45,414582,,,,,,,,,,,,,,,,,,,,,,,,2023-12-07,3268.327163,4095
2023-12-08,3223.807915,3238.466138,3196.868617,3201.02832,895852,4155.95,4170,4027.649902,4070.65,495575,,,,,,,,,,,,,,,,,,,,,,,,2023-12-08,3238.466138,4027.649902
2023-12-11,3199.047547,3213.903805,3154.973982,3202.018799,910426,4070.65,4075,4025.050049,4069.75,239939,,,,,,,,,,,,,,,,,,,,,,,,2023-12-11,3213.903805,4025.050049
2023-12-12,3197.066756,3225.838425,3179.239247,3193.8479,1019030,4080.90,4100,4038.100098,4075.40,349447,,,,,,,,,,,,,,,,,,,,,,,,2023-12-12,3225.838425,4038.100098
2023-12-13,3208.951724,3223.758413,3159.728038,3212.56665,1052079,4075.00,4075.399902,3945.100098,4033.05,388573,,,,,,,,,,,,,,,,,,,,,,,,2023-12-13,3223.758413,3945.100098
2023-12-14,3223.807916,3227.373515,3187.162481,3210.288818,923107,4044.95,4081,3996.050049,4070.05,264682,,,,,,,,,,,,,,,,,,,,,,,,2023-12-14,3227.373515,3996.050049
2023-12-15,3218.855751,3294.474198,3210.932414,3282.143311,1631687,4085.00,4097.899902,4017,4045.65,300270,,,,,,,,,,,,,,,,,,,,,,,,2023-12-15,3294.474198,4017
2023-12-18,3281.252133,3303.833693,3264.415041,3300.119629,911936,4045.00,4079.800049,4000,4010.15,221527,,,,,,,,,,,,,,,,,,,,,,,,2023-12-18,3303.833693,4000
2023-12-19,3303.98216,3321.760101,3268.525177,3304.081299,780448,4010.00,4048.949951,3990.25,4021.35,185004,,,,,,,,,,,,,,,,,,,,,,,,2023-12-19,3321.760101,3990.25
2023-12-20,3304.081329,3327.752203,3251.192906,3265.553955,979762,4011.00,4046.449951,3905,3965.90,244858,,,,,,,,,,,,,,,,,,,,,,,,2023-12-20,3327.752203,3905
2023-12-21,3248.568314,3288.185001,3240.496511,3271.29834,1585879,3950.00,4009.899902,3920.050049,3954.50,286850,,,,,,,,,,,,,,,,,,,,,,,,2023-12-21,3288.185001,3920.050049
2023-12-22,3278.181761,3318.689969,3255.501304,3309.281006,930563,3977.95,4015,3962.050049,4007.95,224831,,,,,,,,,,,,,,,,,,,,,,,,2023-12-22,3318.689969,3962.050049
2023-12-26,3317.8479,3359.395852,3313.143419,3350.927979,600190,4009.95,4038.199951,3995.350098,4023.45,299135,,,,,,,,,,,,,,,,,,,,,,,,2023-12-26,3359.395852,3995.350098
2023-12-27,3348.650019,3377.272978,3321.859186,3371.825684,837182,4020.00,4063.300049,4000,4027.45,349033,,,,,,,,,,,,,,,,,,,,,,,,2023-12-27,3377.272978,4000
2023-12-28,3372.370557,3387.177246,3340.726776,3364.694824,779250,4048.90,4058.399902,4015,4044.65,403866,,,,,,,,,,,,,,,,,,,,,,,,2023-12-28,3387.177246,4015
2023-12-29,3377.322678,3390.148532,3351.472692,3369.79541,615676,4045.10,4098.899902,3984.199951,4082.65,224994,,,,,,,,,,,,,,,,,,,,,,,,2023-12-29,3390.148532,3984.199951
2024-01-01,3370.38969,3379.10541,3356.672315,3363.555908,283951,4075.00,4080,4042.100098,4064.75,131614,,,,,,,,,,,,,,,,,,,,,,,,2024-01-01,3379.10541,4042.100098
2024-01-02,3363.456661,3366.328774,3312.945386,3358.851318,552394,4070.00,4155,4006.25,4103.35,843252,,,,,,,,,,,,,,,,,,,,,,,,2024-01-02,3366.328774,4006.25
2024-01-03,3358.851389,3366.427984,3332.7538,3341.271484,379131,4080.00,4080,3919.399902,3932.35,964470,,,,,,,,,,,,,,,,,,,,,,,,2024-01-03,3366.427984,3919.399902
2024-01-04,3339.686779,3368.656481,3331.565406,3347.560547,777127,3965.00,3965,3888,3897.85,754490,,,,,,,,,,,,,,,,,,,,,,,,2024-01-04,3368.656481,3888
2024-01-05,3347.560615,3348.006254,3315.916833,3323.394531,416956,3902.00,3940,3810,3863.50,513823,,,,,,,,,,,,,,,,,,,,,,,,2024-01-05,3348.006254,3810
2024-01-08,3322.849702,3344.143672,3263.276205,3266.791992,545884,3893.95,3919.899902,3791,3804.40,692896,,,,,,,,,,,,,,,,,,,,,,,,2024-01-08,3344.143672,3791
2024-01-09,3278.280964,3283.23305,3230.988542,3236.188232,670704,3810.10,3850,3787,3810.75,440688,,,,,,,,,,,,,,,,,,,,,,,,2024-01-09,3283.23305,3787
2024-01-10,3260.453335,3261.443752,3226.977186,3255.352783,691087,3818.90,3837.949951,3792.350098,3822.00,338253,,,,,,,,,,,,,,,,,,,,,,,,2024-01-10,3261.443752,3792.350098
2024-01-11,3255.352779,3277.488458,3239.357397,3256.689697,537469,3845.00,3845,3805,3821.35,213492,,,,,,,,,,,,,,,,,,,,,,,,2024-01-11,3277.488458,3805
2024-01-12,3263.374962,3263.374962,3212.913256,3246.389404,673004,3827.95,3848,3794.100098,3841.00,456627,,,,,,,,,,,,,,,,,,,,,,,,2024-01-12,3263.374962,3794.100098
2024-01-15,3250.747122,3255.699208,3227.373422,3242.526611,728116,3924.95,3933,3851,3858.25,505101,,,,,,,,,,,,,,,,,,,,,,,,2024-01-15,3255.699208,3851
2024-01-16,3243.566787,3288.185131,3242.526801,3265.306396,748215,3860.00,3865,3807,3828.30,445672,,,,,,,,,,,,,,,,,,,,,,,,2024-01-16,3288.185131,3807
2024-01-17,3262.533396,3272.685172,3162.451689,3211.229736,2239241,3750.00,3811.899902,3750,3786.45,516399,,,,,,,,,,,,,,,,,,,,,,,,2024-01-17,3272.685172,3750
2024-01-18,3226.729606,3226.729606,3019.385914,3133.531494,1979174,3786.45,3790,3740,3748.85,489754,,,,,,,,,,,,,,,,,,,,,,,,2024-01-18,3226.729606,3740
2024-01-19,3147.347889,3170.870298,3118.427754,3135.512451,936201,3762.95,3768.699951,3704.5,3731.70,565533,,,,,,,,,,,,,,,,,,,,,,,,2024-01-19,3170.870298,3704.5
2024-01-23,3057.962546,3079.206946,2992.595014,3025.427246,2365225,3675.00,3714,3651.050049,3675.90,299750,,,,,,,,,,,,,,,,,,,,,,,,2024-01-23,3079.206946,3651.050049
2024-01-24,3025.72451,3025.72451,2947.580691,2970.706787,2665932,3675.90,3748,3646.050049,3727.75,316651,,,,,,,,,,,,,,,,,,,,,,,,2024-01-24,3025.72451,3646.050049
2024-01-25,2981.205213,2987.098147,2914.104451,2920.938232,2001961,3731.00,3750,3695.5,3734.25,200269,,,,,,,,,,,,,,,,,,,,,,,,2024-01-25,2987.098147,3695.5
2024-01-29,2911.875988,2959.812082,2911.875988,2947.531006,1862723,3700.00,3764.199951,3689,3749.40,216522,,,,,,,,,,,,,,,,,,,,,,,,2024-01-29,2959.812082,3689
2024-01-30,2961.347384,2976.203642,2922.770683,2925.791504,1273188,3740.00,3772.850098,3680,3687.30,263265,,,,,,,,,,,,,,,,,,,,,,,,2024-01-30,2976.203642,3680
2024-01-31,2937.577419,2943.420783,2919.799478,2929.505615,1771244,3680.00,3821.399902,3652.75,3792.70,353880,,,,,,,,,,,,,,,,,,,,,,,,2024-01-31,2943.420783,3652.75
2024-02-01,2932.62517,2944.36171,2891.968498,2901.278564,3006472,3810.00,3826.600098,3772,3808.20,188297,,,,,,,,,,,,,,,,,,,,,,,,2024-02-01,2944.36171,3772
2024-02-02,2921.730777,2933.962526,2896.029499,2908.162109,1881911,3808.20,3815,3770,3784.30,186318,,,,,,,,,,,,,,,,,,,,,,,,2024-02-02,2933.962526,3770
2024-02-05,2921.730578,2936.586835,2884.094726,2889.393555,923435,3785.00,3791.550049,3720.050049,3729.60,216052,,,,,,,,,,,,,,,,,,,,,,,,2024-02-05,2936.586835,3720.050049
2024-02-06,2902.91285,2918.759526,2874.834426,2902.863281,1471312,3730.00,3737.699951,3702.050049,3727.40,148110,,,,,,,,,,,,,,,,,,,,,,,,2024-02-06,2918.759526,3702.050049
2024-02-07,2928.663553,2974.173174,2907.914362,2952.582031,1134012,3759.00,3785,3703,3717.70,173087,,,,,,,,,,,,,,,,,,,,,,,,2024-02-07,2974.173174,3703
2024-02-08,2971.004038,2971.004038,2891.82023,2901.526367,1633654,3718.95,3787.949951,3715,3731.05,261689,,,,,,,,,,,,,,,,,,,,,,,,2024-02-08,2971.004038,3715
2024-02-09,2901.922311,2930.644409,2882.658745,2923.364746,1144765,3732.15,3758,3699,3719.20,306425,,,,,,,,,,,,,,,,,,,,,,,,2024-02-09,2930.644409,3699
2024-02-12,2923.364843,2936.53744,2892.067804,2925.494385,614469,3719.20,3734.949951,3644.300049,3675.60,199148,,,,,,,,,,,,,,,,,,,,,,,,2024-02-12,2936.53744,3644.300049
2024-02-13,2936.53736,2952.681208,2917.471829,2943.123779,717118,3685.05,3728,3660.899902,3703.20,294135,,,,,,,,,,,,,,,,,,,,,,,,2024-02-13,2952.681208,3660.899902
2024-02-14,2941.439974,2952.235666,2907.914496,2947.877686,750339,3700.00,3739,3691.050049,3722.40,257694,,,,,,,,,,,,,,,,,,,,,,,,2024-02-14,2952.235666,3691.050049
2024-02-15,2951.443269,2995.516835,2939.013485,2987.643066,1068730,3722.40,3729.949951,3671.350098,3678.60,507420,,,,,,,,,,,,,,,,,,,,,,,,2024-02-15,2995.516835,3671.350098
2024-02-16,3005.916085,3005.916085,2971.251485,2979.075684,1179473,3698.60,3724.649902,3665.100098,3693.30,726598,,,,,,,,,,,,,,,,,,,,,,,,2024-02-16,3005.916085,3665.100098
2024-02-19,2979.075768,2989.772322,2958.871354,2969.369873,560700,3673.30,3722,3673.300049,3707.25,226669,,,,,,,,,,,,,,,,,,,,,,,,2024-02-19,2989.772322,3673.300049
2024-02-20,2969.369836,2988.187762,2943.618989,2982.789795,729371,3701.00,3784,3691.399902,3756.20,316518,,,,,,,,,,,,,,,,,,,,,,,,2024-02-20,2988.187762,3691.399902
2024-02-21,2983.1862,2997.745285,2954.909741,2973.034424,927130,3752.00,3889,3752,3835.75,592509,,,,,,,,,,,,,,,,,,,,,,,,2024-02-21,2997.745285,3752
2024-02-22,2954.414366,2998.190756,2904.002229,2988.484619,2615821,3860.00,3869,3801.850098,3851.45,237411,,,,,,,,,,,,,,,,,,,,,,,,2024-02-22,2998.190756,3801.850098
2024-02-23,2970.261174,2976.203678,2937.775442,2957.336182,1650523,3860.00,3872,3828.649902,3840.55,226731,,,,,,,,,,,,,,,,,,,,,,,,2024-02-23,2976.203678,3828.649902
2024-02-26,2892.018213,2901.922385,2820.51014,2840.962158,3524491,3840.55,3859,3796.25,3850.35,346646,,,,,,,,,,,,,,,,,,,,,,,,2024-02-26,2901.922385,3796.25
2024-02-27,2827.641014,2842.497272,2822.788067,2832.147461,1296180,3859.00,3885,3818.050049,3852.20,256237,,,,,,,,,,,,,,,,,,,,,,,,2024-02-27,2842.497272,3818.050049
2024-02-28,2822.837349,2831.998708,2758.806977,2767.572266,2472196,3856.40,3948.300049,3838.100098,3850.00,505405,,,,,,,,,,,,,,,,,,,,,,,,2024-02-28,2831.998708,3838.100098
2024-02-29,2758.311857,2810.803968,2750.140915,2794.858154,2284424,3818.40,3940,3797.050049,3918.90,499782,,,,,,,,,,,,,,,,,,,,,,,,2024-02-29,2810.803968,3797.050049
2024-03-01,2805.752653,2818.677645,2788.073851,2804.61377,978174,3925.00,3936.75,3867,3884.15,261674,,,,,,,,,,,,,,,,,,,,,,,,2024-03-01,2818.677645,3867
2024-03-04,2832.593054,2833.533902,2800.899705,2804.61377,971299,3870.95,3878.649902,3831,3846.35,153055,,,,,,,,,,,,,,,,,,,,,,,,2024-03-04,2833.533902,3831
2024-03-05,2806.842329,2807.68428,2778.120231,2793.372559,736381,3830.00,3884.350098,3811.300049,3834.50,185829,,,,,,,,,,,,,,,,,,,,,,,,2024-03-05,2807.68428,3811.300049
2024-03-06,2800.850217,2811.794376,2751.131323,2800.206543,1723066,3834.50,3895,3825.149902,3888.65,308886,,,,,,,,,,,,,,,,,,,,,,,,2024-03-06,2811.794376,3825.149902
2024-03-07,2797.928443,2866.267226,2797.928443,2843.041992,1564364,3888.65,3942.649902,3877.199951,3925.95,330459,,,,,,,,,,,,,,,,,,,,,,,,2024-03-07,2866.267226,3877.199951
2024-03-11,2867.802491,2868.792908,2825.75933,2849.281738,866546,3948.85,4025,3936.050049,3979.65,689781,,,,,,,,,,,,,,,,,,,,,,,,2024-03-11,2868.792908,3936.050049
2024-03-12,2852.401582,2872.110788,2837.990963,2848.588379,663186,3999.00,4042,3900,4031.70,499999,,,,,,,,,,,,,,,,,,,,,,,,2024-03-12,2872.110788,3900
2024-03-13,2851.01509,2859.582102,2807.832803,2832.741699,955841,4055.00,4056,3932.050049,3967.80,521699,,,,,,,,,,,,,,,,,,,,,,,,2024-03-13,2859.582102,3932.050049
2024-03-14,2832.593225,2870.278648,2813.775298,2864.53418,1381741,3966.95,4040,3890,4019.25,355226,,,,,,,,,,,,,,,,,,,,,,,,2024-03-14,2870.278648,3890
2024-03-15,2867.257704,2869.188969,2822.688931,2840.070801,1356226,4019.45,4035,3904,3932.10,348203,,,,,,,,,,,,,,,,,,,,,,,,2024-03-15,2869.188969,3904
2024-03-18,2838.535546,2838.535546,2790.252711,2819.222412,940424,3932.10,4019,3918.699951,4010.55,230448,,,,,,,,,,,,,,,,,,,,,,,,2024-03-18,2838.535546,3918.699951
2024-03-19,2812.784827,2812.784827,2774.158556,2788.123535,1199135,4008.00,4046.050049,3983.050049,4014.10,451330,,,,,,,,,,,,,,,,,,,,,,,,2024-03-19,2812.784827,3983.050049
2024-03-20,2788.123451,2809.863059,2770.741581,2797.829346,818910,4015.00,4068,4009.25,4056.35,346426,,,,,,,,,,,,,,,,,,,,,,,,2024-03-20,2809.863059,4009.25
2024-03-21,2817.73678,2818.13285,2779.110511,2794.115234,1167680,4117.00,4238,4091.5,4163.10,1130832,,,,,,,,,,,,,,,,,,,,,,,,2024-03-21,2818.13285,4091.5
2024-03-22,2794.115421,2827.789606,2781.091531,2814.270508,1652689,4159.80,4330.5,4151.149902,4297.60,921652,,,,,,,,,,,,,,,,,,,,,,,,2024-03-22,2827.789606,4151.149902
2024-03-26,2792.976563,2816.895042,2783.072391,2787.677734,1372390,4315.75,4509.450195,4297.25,4486.20,1838678,,,,,,,,,,,,,,,,,,,,,,,,2024-03-26,2816.895042,4297.25
2024-03-27,2790.945949,2815.607481,2790.698345,2803.375732,1156231,4480.50,4533,4387.049805,4420.55,814043,,,,,,,,,,,,,,,,,,,,,,,,2024-03-27,2815.607481,4387.049805
2024-03-28,2807.882382,2840.516581,2791.986137,2819.470215,1864623,4424.95,4560,4397.049805,4525.60,892567,,,,,,,,,,,,,,,,,,,,,,,,2024-03-28,2840.516581,4397.049805
2024-04-01,2833.534052,2858.78969,2825.016609,2843.487793,558086,4570.00,4592,4456.299805,4483.30,410983,,,,,,,,,,,,,,,,,,,,,,,,2024-04-01,2858.78969,4456.299805
2024-04-02,2846.508517,2864.682527,2828.631438,2846.656982,562473,4503.00,4563,4400.049805,4411.85,442907,,,,,,,,,,,,,,,,,,,,,,,,2024-04-02,2864.682527,4400.049805
2024-04-03,2817.737004,2856.908053,2817.737004,2841.85376,816676,4455.00,4494.450195,4415,4460.90,257333,,,,,,,,,,,,,,,,,,,,,,,,2024-04-03,2856.908053,4415
2024-04-04,2842.497275,2915.045333,2823.926953,2890.334473,1831347,4562.00,4715,4540,4645.05,1564457,,,,,,,,,,,,,,,,,,,,,,,,2024-04-04,2915.045333,4540
2024-04-05,2895.979824,2899.693889,2852.401468,2855.818359,1155672,4645.00,4685,4557,4619.25,418022,,,,,,,,,,,,,,,,,,,,,,,,2024-04-05,2899.693889,4557
2024-04-08,2880.133051,2881.073899,2846.260833,2864.286377,570695,4648.15,4748,4640,4672.80,461322,,,,,,,,,,,,,,,,,,,,,,,,2024-04-08,2881.073899,4640
2024-04-09,2865.276815,2888.502049,2817.736792,2829.770264,1017670,4671.95,4747.799805,4622,4716.15,285672,,,,,,,,,,,,,,,,,,,,,,,,2024-04-09,2888.502049,4622
2024-04-10,2855.669904,2871.318544,2830.612301,2868.990967,740495,4736.60,4831.850098,4711,4754.00,728446,,,,,,,,,,,,,,,,,,,,,,,,2024-04-10,2871.318544,4711
2024-04-12,2862.305561,2865.276812,2817.736789,2827.145752,1766311,4753.90,4806.75,4725,4765.05,676863,,,,,,,,,,,,,,,,,,,,,,,,2024-04-12,2865.276812,4725
2024-04-15,2803.078702,2826.155471,2785.3999,2817.142578,884519,4680.00,4736.549805,4620.600098,4686.80,358707,,,,,,,,,,,,,,,,,,,,,,,,2024-04-15,2826.155471,4620.600098
2024-04-16,2800.553038,2814.220844,2792.976443,2802.880615,911249,4650.00,4689.299805,4611.350098,4644.30,245231,,,,,,,,,,,,,,,,,,,,,,,,2024-04-16,2814.220844,4611.350098
2024-04-18,2827.640969,2831.800673,2773.267164,2780.794189,1732434,4644.30,4694.299805,4605,4627.10,417772,,,,,,,,,,,,,,,,,,,,,,,,2024-04-18,2831.800673,4605
2024-04-19,2763.263943,2795.056432,2739.642397,2781.63623,1337807,4766.95,4836.700195,4651.100098,4696.00,778084,,,,,,,,,,,,,,,,,,,,,,,,2024-04-19,2795.056432,4651.100098
2024-04-22,2819.321669,2819.321669,2787.083541,2814.617188,676040,4743.00,4815.950195,4692.049805,4758.00,257706,,,,,,,,,,,,,,,,,,,,,,,,2024-04-22,2819.321669,4692.049805
2024-04-23,2824.669884,2850.371163,2816.746547,2847.350342,929062,4804.50,4890,4773,4800.55,458148,,,,,,,,,,,,,,,,,,,,,,,,2024-04-23,2850.371163,4773
2024-04-24,2855.323091,2855.471799,2832.593066,2840.268799,718441,4820.00,4835.700195,4778,4797.55,199877,,,,,,,,,,,,,,,,,,,,,,,,2024-04-24,2855.471799,4778
2024-04-25,2837.545326,2842.398274,2801.939876,2834.029297,1594152,4801.00,4817.649902,4615.149902,4657.10,462020,,,,,,,,,,,,,,,,,,,,,,,,2024-04-25,2842.398274,4615.149902
2024-04-26,2842.497401,2850.618774,2809.863202,2816.89502,625507,4657.05,4719.950195,4531.5,4553.15,254510,,,,,,,,,,,,,,,,,,,,,,,,2024-04-26,2850.618774,4531.5
2024-04-29,2816.895017,2846.409499,2811.794465,2840.7146,566219,4560.50,4562.450195,4450,4483.80,385596,,,,,,,,,,,,,,,,,,,,,,,,2024-04-29,2846.409499,4450
2024-04-30,2827.640955,2884.094732,2827.640955,2848.340576,1290649,4455.15,4650,4455.149902,4603.80,637696,,,,,,,,,,,,,,,,,,,,,,,,2024-04-30,2884.094732,4455.149902
2024-05-02,2847.548556,2959.36656,2847.548556,2946.887207,2493406,4609.95,4642.450195,4578,4605.05,256067,,,,,,,,,,,,,,,,,,,,,,,,2024-05-02,2959.36656,4578
2024-05-03,2954.46409,2968.280362,2881.371252,2901.674805,1594445,4626.95,4627,4545.049805,4612.35,436785,,,,,,,,,,,,,,,,,,,,,,,,2024-05-03,2968.280362,4545.049805
2024-05-06,2921.730802,2930.644557,2883.302565,2904.051758,768806,4620.00,4739.899902,4576,4600.60,643041,,,,,,,,,,,,,,,,,,,,,,,,2024-05-06,2930.644557,4576
2024-05-07,2918.759389,2939.50858,2876.171451,2885.085205,629534,4619.95,4698,4581,4660.45,431030,,,,,,,,,,,,,,,,,,,,,,,,2024-05-07,2939.50858,4581
2024-05-08,2872.209829,2877.161914,2793.966871,2816.053223,1652877,4674.80,4863.799805,4670,4806.75,829723,,,,,,,,,,,,,,,,,,,,,,,,2024-05-08,2877.161914,4670
2024-05-09,2800.899725,2826.601002,2677.889962,2684.129639,3547959,4806.75,4895.600098,4730,4798.65,618014,,,,,,,,,,,,,,,,,,,,,,,,2024-05-09,2826.601002,4730
2024-05-10,2673.135962,2765.839107,2644.513003,2744.693604,2478584,4798.65,4852,4735.850098,4796.80,290601,,,,,,,,,,,,,,,,,,,,,,,,2024-05-10,2765.839107,4735.850098
2024-05-13,2744.693635,2867.257762,2727.708077,2851.658691,2748823,4799.95,4809,4667,4693.70,190782,,,,,,,,,,,,,,,,,,,,,,,,2024-05-13,2867.257762,4667
2024-05-14,2851.411039,2860.324794,2814.765604,2838.684082,999330,4739.00,4755,4550.350098,4597.05,376741,,,,,,,,,,,,,,,,,,,,,,,,2024-05-14,2860.324794,4550.350098
2024-05-15,2838.68415,2846.706626,2779.259118,2786.736816,1230520,4614.95,4680,4597.100098,4652.45,298259,,,,,,,,,,,,,,,,,,,,,,,,2024-05-15,2846.706626,4597.100098
2024-05-16,2794.016416,2810.407869,2759.847024,2787.083496,1534319,4674.30,4699,4660.049805,4671.25,519285,,,,,,,,,,,,,,,,,,,,,,,,2024-05-16,2810.407869,4660.049805
2024-05-17,2787.628299,2811.001999,2759.401409,2782.973145,1325150,4680.00,4710,4665.049805,4682.90,203113,,,,,,,,,,,,,,,,,,,,,,,,2024-05-17,2811.001999,4665.049805
2024-05-21,2788.02428,2839.476403,2774.15844,2824.47168,921822,4670.00,4737.450195,4605.450195,4705.90,179171,,,,,,,,,,,,,,,,,,,,,,,,2024-05-21,2839.476403,4605.450195
2024-05-22,2824.47182,2867.257795,2809.417527,2858.096436,933846,4763.15,4924.200195,4737.149902,4798.80,716981,,,,,,,,,,,,,,,,,,,,,,,,2024-05-22,2867.257795,4737.149902
2024-05-23,2857.353506,2893.256128,2849.727343,2875.923828,1181894,4794.50,4812,4755.799805,4793.55,151025,,,,,,,,,,,,,,,,,,,,,,,,2024-05-23,2893.256128,4755.799805
2024-05-24,2882.312146,2882.312146,2839.526171,2847.201904,755822,4797.90,4841.399902,4674.100098,4684.50,307316,,,,,,,,,,,,,,,,,,,,,,,,2024-05-24,2882.312146,4674.100098
2024-05-27,2860.225754,2870.526238,2828.185902,2844.775391,817091,4651.55,4669,4508,4537.35,392853,,,,,,,,,,,,,,,,,,,,,,,,2024-05-27,2870.526238,4508
2024-05-28,2848.291387,2893.008627,2836.554847,2883.30249,1084544,4551.90,4588.850098,4440.200195,4474.45,224693,,,,,,,,,,,,,,,,,,,,,,,,2024-05-28,2893.008627,4440.200195
2024-05-29,2868.248264,2893.701938,2853.491144,2872.358398,1758297,4474.00,4564.850098,4435.100098,4476.85,234524,,,,,,,,,,,,,,,,,,,,,,,,2024-05-29,2893.701938,4435.100098
2024-05-30,2847.696941,2882.955889,2847.449337,2856.065918,1344426,4475.90,4497.25,4410,4444.95,141706,,,,,,,,,,,,,,,,,,,,,,,,2024-05-30,2882.955889,4410
2024-05-31,2856.065887,2878.152237,2828.23531,2853.589844,2520363,4440.00,4450,4250.399902,4302.15,866438,,,,,,,,,,,,,,,,,,,,,,,,2024-05-31,2878.152237,4250.399902
2024-06-03,2921.730603,2921.730603,2832.642628,2838.981201,952701,4392.95,4400,4301,4349.35,279797,,,,,,,,,,,,,,,,,,,,,,,,2024-06-03,2921.730603,4301
2024-06-04,2852.401546,2869.238639,2749.150553,2830.265625,2683847,4399.00,4590,4355.649902,4548.75,1093378,,,,,,,,,,,,,,,,,,,,,,,,2024-06-04,2869.238639,4355.649902
2024-06-05,2837.050091,2998.29006,2837.050091,2933.368164,2410576,4590.00,4900,4562.200195,4862.25,1495770,,,,,,,,,,,,,,,,,,,,,,,,2024-06-05,2998.29006,4562.200195
2024-06-06,2931.634847,2933.368077,2854.629911,2876.963867,1689408,4861.95,4861.950195,4675.25,4687.05,664303,,,,,,,,,,,,,,,,,,,,,,,,2024-06-06,2933.368077,4675.25
2024-06-07,2876.963831,2914.896857,2861.166725,2899.644287,1600180,4700.00,4806.350098,4690.75,4747.25,352969,,,,,,,,,,,,,,,,,,,,,,,,2024-06-07,2914.896857,4690.75
2024-06-10,2899.941614,2923.612488,2887.06619,2909.400146,876867,4769.05,4812,4688,4778.40,276907,,,,,,,,,,,,,,,,,,,,,,,,2024-06-10,2923.612488,4688
2024-06-11,2915,2920.350098,2895,2902.449951,855430,4800.00,4829.899902,4676,4701.45,266806,,,,,,,,,,,,,,,,,,,,,,,,2024-06-11,2920.350098,4676
2024-06-12,2909,2918,2865.649902,2905.800049,1701770,4710.05,4740,4645,4666.75,555091,,,,,,,,,,,,,,,,,,,,,,,,2024-06-12,2918,4645
2024-06-13,2929,2929,2905,2910,726380,4697.25,4739.950195,4640.049805,4656.65,238268,,,,,,,,,,,,,,,,,,,,,,,,2024-06-13,2929,4640.049805
2024-06-14,2910,2931.350098,2905.100098,2921.600098,982815,4692.00,4759.950195,4671.049805,4739.95,258982,,,,,,,,,,,,,,,,,,,,,,,,2024-06-14,2931.350098,4671.049805
2024-06-18,2921.600098,2928,2905,2918.5,741098,4739.95,5080,4734.799805,5039.30,2054168,,,,,,,,,,,,,,,,,,,,,,,,2024-06-18,2928,4734.799805
2024-06-19,2918,2920,2882.649902,2891.699951,1018294,5079.00,5219,4901.350098,4933.90,1438750,,,,,,,,,,,,,,,,,,,,,,,,2024-06-19,2920,4901.350098
2024-06-20,2885,2924.5,2872.399902,2915.5,1129752,4947.45,5022.5,4832.200195,4861.70,577843,,,,,,,,,,,,,,,,,,,,,,,,2024-06-20,2924.5,4832.200195
2024-06-21,2925,2928,2880.100098,2890.850098,1722379,4928.00,5082.950195,4763,4804.85,726519,,,,,,,,,,,,,,,,,,,,,,,,2024-06-21,2928,4763
2024-06-24,2883,2899.949951,2871.399902,2896.050049,892125,4792.00,4875,4765.850098,4833.70,356824,,,,,,,,,,,,,,,,,,,,,,,,2024-06-24,2899.949951,4765.850098
2024-06-25,2876,2894.949951,2856,2858.449951,1217792,4850.00,4905,4755,4783.35,376890,,,,,,,,,,,,,,,,,,,,,,,,2024-06-25,2894.949951,4755
2024-06-26,2860.199951,2873.850098,2844.050049,2863.350098,960622,4775.00,4823.950195,4690,4801.00,546313,,,,,,,,,,,,,,,,,,,,,,,,2024-06-26,2873.850098,4690
2024-06-27,2860.75,2903,2845,2880.850098,1628022,4819.95,4960,4738,4900.10,503719,,,,,,,,,,,,,,,,,,,,,,,,2024-06-27,2903,4738
2024-06-28,2865,2932,2862.199951,2917.050049,1206712,4900.00,4921.950195,4680,4716.75,685009,,,,,,,,,,,,,,,,,,,,,,,,2024-06-28,2932,4680
2024-07-01,2889.300049,2939,2888,2927.800049,1104110,4725.10,4754.450195,4612.5,4735.90,642169,,,,,,,,,,,,,,,,,,,,,,,,2024-07-01,2939,4612.5
2024-07-02,2927.800049,2936,2912,2925.600098,1064295,4759.10,4825.25,4719.549805,4773.85,360009,,,,,,,,,,,,,,,,,,,,,,,,2024-07-02,2936,4719.549805
2024-07-03,2929.699951,2948.949951,2916,2925.550049,925189,4760.00,4810.899902,4700.700195,4792.90,799111,,,,,,,,,,,,,,,,,,,,,,,,2024-07-03,2948.949951,4700.700195
2024-07-04,2940,2968.449951,2923,2934.899902,968666,4785.10,4825,4725,4768.10,317759,,,,,,,,,,,,,,,,,,,,,,,,2024-07-04,2968.449951,4725
2024-07-05,2937.149902,2946.899902,2913.100098,2935.899902,817429,4768.85,4871,4742.799805,4853.10,359691,,,,,,,,,,,,,,,,,,,,,,,,2024-07-05,2946.899902,4742.799805
2024-07-08,2935.899902,2935.899902,2890.699951,2898.149902,828260,4860.00,4935.200195,4820,4851.55,706765,,,,,,,,,,,,,,,,,,,,,,,,2024-07-08,2935.899902,4820
2024-07-09,2908.949951,2913.199951,2890,2905,685431,4853.10,4893.950195,4780,4806.35,421547,,,,,,,,,,,,,,,,,,,,,,,,2024-07-09,2913.199951,4780
2024-07-10,2900.050049,3014.5,2894.350098,2996.449951,2299950,4825.00,4894.350098,4731.100098,4834.45,284146,,,,,,,,,,,,,,,,,,,,,,,,2024-07-10,3014.5,4731.100098
2024-07-11,2999,3030,2973,3022.050049,1968980,4853.90,4969,4832.25,4898.90,568246,,,,,,,,,,,,,,,,,,,,,,,,2024-07-11,3030,4832.25
2024-07-12,3025,3052,2970.899902,2999.149902,1879930,4939.90,5016.950195,4909,4943.65,598090,,,,,,,,,,,,,,,,,,,,,,,,2024-07-12,3052,4909
2024-07-15,2999,2999,2932.550049,2956.5,2425341,5126.45,5164,4943.649902,4988.85,1405587,,,,,,,,,,,,,,,,,,,,,,,,2024-07-15,2999,4943.649902
2024-07-16,2959,3015.949951,2941.5,2974.449951,2085611,5000.00,5104,4979,5039.85,1062769,,,,,,,,,,,,,,,,,,,,,,,,2024-07-16,3015.949951,4979
2024-07-18,2875,2957.899902,2842,2931.550049,5384611,5039.85,5096.950195,5028,5083.45,837644,,,,,,,,,,,,,,,,,,,,,,,,2024-07-18,2957.899902,5028
2024-07-19,2925,2980,2917.25,2946.050049,2164746,5062.10,5078.5,4955,5010.70,444963,,,,,,,,,,,,,,,,,,,,,,,,2024-07-19,2980,4955
2024-07-22,2937,2973.350098,2917.149902,2934.300049,1616347,4955.00,5031.950195,4922.75,5012.85,559762,,,,,,,,,,,,,,,,,,,,,,,,2024-07-22,2973.350098,4922.75
2024-07-23,2934.300049,2947.300049,2886,2897.100098,1906312,5013.00,5095.450195,4925.100098,5065.25,431809,,,,,,,,,,,,,,,,,,,,,,,,2024-07-23,2947.300049,4925.100098
2024-07-24,2901,2927,2886.199951,2912.800049,1476148,5100.00,5205,5082.649902,5158.45,630155,,,,,,,,,,,,,,,,,,,,,,,,2024-07-24,2927,5082.649902
2024-07-25,2892.050049,2908.699951,2885.25,2901.399902,1239922,5148.00,5184.899902,5058.100098,5171.35,393012,,,,,,,,,,,,,,,,,,,,,,,,2024-07-25,2908.699951,5058.100098
2024-07-26,2902.199951,2964.449951,2900.699951,2950.149902,1359780,5199.00,5199,5040,5071.60,234445,,,,,,,,,,,,,,,,,,,,,,,,2024-07-26,2964.449951,5040
2024-07-29,2953.050049,2965.100098,2936,2954.699951,854408,5144.00,5144,5041.799805,5112.85,206613,,,,,,,,,,,,,,,,,,,,,,,,2024-07-29,2965.100098,5041.799805
2024-07-30,2973.5,3032.800049,2970,3005.050049,2144591,5140.00,5175.549805,5000.100098,5027.20,299951,,,,,,,,,,,,,,,,,,,,,,,,2024-07-30,3032.800049,5000.100098
2024-07-31,3005.050049,3098,3005.050049,3084.449951,3549501,5040.00,5068.899902,4910.200195,4935.95,912329,,,,,,,,,,,,,,,,,,,,,,,,2024-07-31,3098,4910.200195
2024-08-01,3088,3128.949951,3062.800049,3099.350098,1675122,4949.00,5008,4883,4993.80,202176,,,,,,,,,,,,,,,,,,,,,,,,2024-08-01,3128.949951,4883
2024-08-02,3070,3129.050049,3060,3106.699951,1348780,4950.00,5029.75,4890.149902,4909.70,486355,,,,,,,,,,,,,,,,,,,,,,,,2024-08-02,3129.050049,4890.149902
2024-08-05,3069.949951,3145,3055.300049,3093.399902,2019141,4861.50,5010,4801,4817.45,715443,,,,,,,,,,,,,,,,,,,,,,,,2024-08-05,3145,4801
2024-08-06,3101.699951,3135,3086.050049,3101.75,885743,4818.15,5045.25,4818.149902,4909.90,798720,,,,,,,,,,,,,,,,,,,,,,,,2024-08-06,3135,4818.149902
2024-08-07,3101.75,3118.5,3060.050049,3101.449951,1907105,4960.00,5063.549805,4954.450195,5018.50,322153,,,,,,,,,,,,,,,,,,,,,,,,2024-08-07,3118.5,4954.450195
2024-08-08,3080,3089.699951,2990.399902,3005.399902,1280109,5049.95,5063.899902,4942,4980.10,348300,,,,,,,,,,,,,,,,,,,,,,,,2024-08-08,3089.699951,4942
2024-08-09,3039,3052.75,2966,3040.600098,1665414,5033.00,5063.799805,4971.350098,4989.95,102057,,,,,,,,,,,,,,,,,,,,,,,,2024-08-09,3052.75,4971.350098
2024-08-12,3020,3084,3003.699951,3053.199951,1736881,4999.00,5025,4960.549805,5013.80,167412,,,,,,,,,,,,,,,,,,,,,,,,2024-08-12,3084,4960.549805
2024-08-13,3054.899902,3059.800049,3013,3023.550049,502260,5039.95,5048,4905.5,4929.50,138438,,,,,,,,,,,,,,,,,,,,,,,,2024-08-13,3059.800049,4905.5
2024-08-14,3034.800049,3034.800049,2994.050049,3025.850098,454671,4950.00,5020,4913.299805,4960.30,282580,,,,,,,,,,,,,,,,,,,,,,,,2024-08-14,3034.800049,4913.299805
2024-08-16,3054,3054,3003,3048.149902,514229,4995.00,5025,4902.700195,5021.30,193826,,,,,,,,,,,,,,,,,,,,,,,,2024-08-16,3054,4902.700195
2024-08-19,3053.949951,3087.850098,3038.350098,3076.300049,542858,5040.00,5048,4982.049805,5002.70,171799,,,,,,,,,,,,,,,,,,,,,,,,2024-08-19,3087.850098,4982.049805
2024-08-20,3096,3106.350098,3078,3103.199951,668282,5008.00,5095.950195,4987.700195,5079.20,320092,,,,,,,,,,,,,,,,,,,,,,,,2024-08-20,3106.350098,4987.700195
2024-08-21,3101,3170.600098,3084.050049,3151.550049,1186536,5095.00,5164,5051.850098,5099.45,796491,,,,,,,,,,,,,,,,,,,,,,,,2024-08-21,3170.600098,5051.850098
2024-08-22,3167,3198.649902,3156.050049,3186.600098,1540888,5145.00,5145,5021.149902,5057.85,353198,,,,,,,,,,,,,,,,,,,,,,,,2024-08-22,3198.649902,5021.149902
2024-08-23,3190,3198.600098,3148.75,3154.649902,779284,5045.00,5088.799805,4880,4901.50,802974,,,,,,,,,,,,,,,,,,,,,,,,2024-08-23,3198.600098,4880
2024-08-26,3155,3177.449951,3141.5,3171.350098,472874,4903.00,4978.75,4900.100098,4959.40,475103,,,,,,,,,,,,,,,,,,,,,,,,2024-08-26,3177.449951,4900.100098
2024-08-27,3154,3203.649902,3150,3166.199951,1003501,5010.00,5010,4925.649902,4958.55,144910,,,,,,,,,,,,,,,,,,,,,,,,2024-08-27,3203.649902,4925.649902
2024-08-28,3152.949951,3165.5,3118.800049,3125.5,538366,4995.50,4995.5,4905,4964.85,504521,,,,,,,,,,,,,,,,,,,,,,,,2024-08-28,3165.5,4905
2024-08-29,3125.5,3143.949951,3092.699951,3115.850098,849866,4991.50,5155.549805,4980.649902,5008.80,939641,,,,,,,,,,,,,,,,,,,,,,,,2024-08-29,3143.949951,4980.649902
2024-08-30,3130.050049,3166.75,3110.699951,3126.800049,1567031,5020.00,5042,4900,4927.45,564035,,,,,,,,,,,,,,,,,,,,,,,,2024-08-30,3166.75,4900
2024-09-02,3148,3184,3139.600098,3150.949951,702358,4977.00,5023.950195,4951,4999.85,290596,,,,,,,,,,,,,,,,,,,,,,,,2024-09-02,3184,4951
2024-09-03,3164.949951,3174.550049,3147.5,3154.850098,577471,5029.00,5039.799805,4965,4980.60,222027,,,,,,,,,,,,,,,,,,,,,,,,2024-09-03,3174.550049,4965
2024-09-04,3155.5,3252,3155.5,3231.649902,2379110,4974.00,5109,4960.350098,5100.90,319841,,,,,,,,,,,,,,,,,,,,,,,,2024-09-04,3252,4960.350098
2024-09-05,3240,3257,3217,3238.25,1482119,5084.10,5361.149902,5077.100098,5308.15,1323435,,,,,,,,,,,,,,,,,,,,,,,,2024-09-05,3257,5077.100098
2024-09-06,3238,3285.899902,3225.350098,3273.699951,2131256,5293.00,5354.549805,5202,5303.45,721164,,,,,,,,,,,,,,,,,,,,,,,,2024-09-06,3285.899902,5202
2024-09-09,3273.699951,3314,3258,3280.75,1272289,5303.45,5395,5216.049805,5361.40,594876,,,,,,,,,,,,,,,,,,,,,,,,2024-09-09,3314,5216.049805
2024-09-10,3290,3310,3270.899902,3295.050049,928920,5361.40,5422.450195,5315,5344.40,400985,,,,,,,,,,,,,,,,,,,,,,,,2024-09-10,3310,5315
2024-09-11,3315,3382.949951,3315,3367.449951,2561892,5357.90,5449,5279.100098,5299.10,461780,,,,,,,,,,,,,,,,,,,,,,,,2024-09-11,3382.949951,5279.100098
2024-09-12,3370,3393,3340.300049,3383.25,1643536,5330.00,5376.049805,5216.899902,5238.55,380591,,,,,,,,,,,,,,,,,,,,,,,,2024-09-12,3393,5216.899902
2024-09-13,3355.550049,3369.699951,3320.899902,3358.050049,1029400,5250.90,5255.850098,5155,5187.05,395545,,,,,,,,,,,,,,,,,,,,,,,,2024-09-13,3369.699951,5155
2024-09-16,3360,3394.899902,3330.600098,3335.800049,1019280,5188.05,5260,5176.149902,5204.80,198479,,,,,,,,,,,,,,,,,,,,,,,,2024-09-16,3394.899902,5176.149902
2024-09-17,3335.800049,3349.899902,3301.800049,3312.800049,586834,5227.00,5254,5200.100098,5219.85,155984,,,,,,,,,,,,,,,,,,,,,,,,2024-09-17,3349.899902,5200.100098
2024-09-18,3312.800049,3324.850098,3251.550049,3274.649902,410510,5225.00,5289,5219.899902,5265.20,201983,,,,,,,,,,,,,,,,,,,,,,,,2024-09-18,3324.850098,5219.899902
2024-09-19,3294,3320,3275,3293.850098,963456,5295.00,5443.950195,5180,5342.50,392198,,,,,,,,,,,,,,,,,,,,,,,,2024-09-19,3320,5180
2024-09-20,3304,3324.800049,3266.050049,3306.949951,1504277,5360.00,5417.950195,5225.100098,5320.55,598428,,,,,,,,,,,,,,,,,,,,,,,,2024-09-20,3324.800049,5225.100098
2024-09-23,3316.949951,3324.899902,3273.199951,3277.449951,522775,5355.15,5363,5260.25,5297.45,179528,,,,,,,,,,,,,,,,,,,,,,,,2024-09-23,3324.899902,5260.25
2024-09-24,3277.449951,3297.75,3241.100098,3248.399902,1057933,5304.95,5484.850098,5231.149902,5391.45,672936,,,,,,,,,,,,,,,,,,,,,,,,2024-09-24,3297.75,5231.149902
2024-09-25,3252,3252,3206.75,3244.75,740636,5400.00,5417.5,5232,5265.50,529354,,,,,,,,,,,,,,,,,,,,,,,,2024-09-25,3252,5232
2024-09-26,3250,3285.850098,3227.100098,3277.050049,951080,5313.45,5313.450195,5164,5198.05,372440,,,,,,,,,,,,,,,,,,,,,,,,2024-09-26,3285.850098,5164
2024-09-27,3290.949951,3337.949951,3277.050049,3310.75,1315996,5224.60,5226,5090,5102.30,566687,,,,,,,,,,,,,,,,,,,,,,,,2024-09-27,3337.949951,5090
2024-09-30,3310.75,3358,3305.149902,3329.100098,1088162,5102.30,5215,5080,5096.30,437174,,,,,,,,,,,,,,,,,,,,,,,,2024-09-30,3358,5080
2024-10-01,3317,3328.949951,3244.050049,3277.350098,968660,5095.00,5138,4936.100098,4954.35,562718,,,,,,,,,,,,,,,,,,,,,,,,2024-10-01,3328.949951,4936.100098
2024-10-03,3192.300049,3225.899902,3126.5,3149.300049,1741363,4924.55,5015,4881,4942.60,615247,,,,,,,,,,,,,,,,,,,,,,,,2024-10-03,3225.899902,4881
2024-10-04,3135,3156.75,3054.550049,3072.5,1551524,4875.00,4875,4696.100098,4737.55,2983507,,,,,,,,,,,,,,,,,,,,,,,,2024-10-04,3156.75,4696.100098
